run,router,top_k,capacity_factor,num_experts,dim,expand,world_size,best_step,best_val_ppl,best_val_loss,best_tokens_per_s,best_eff_tflops,final_val_ppl,final_val_loss,median_tokens_per_s,median_eff_tflops,median_bw_GiBps,mean_drop_rate,mean_load_cv,log_path
expC_expert_choice,expert-choice,2,1.25,8,256,,4,1200,5.498171599204365,1.7044156004608626,27038968.34973658,56.816659725681276,5.498171599204365,1.7044156004608626,27240414.80404984,57.23995674277228,77.93545190062477,0.03591601053873698,0.30399972572922707,/scratch/yx87/playground/moe-routing-bench/runs/expC_expert_choice/train_log.jsonl
expC_hash,hash,2,1.25,8,256,,4,1200,6.491945374962659,1.8705622354090985,29865076.271684486,62.75512638877535,6.491945374962659,1.8705622354090985,29902451.47458501,62.83366245412779,85.55159990668777,0.0,0.0,/scratch/yx87/playground/moe-routing-bench/runs/expC_hash/train_log.jsonl
expC_softk,softk,2,1.25,8,256,,4,1200,5.546824603304679,1.7132256204730596,28827631.62698896,60.57515640621237,5.546824603304679,1.7132256204730596,28683602.11824345,60.27250892783954,82.06444392655405,0.04233105977376302,0.2879398825267951,/scratch/yx87/playground/moe-routing-bench/runs/expC_softk/train_log.jsonl
expC_top1,top1,1,1.25,8,256,,4,1200,6.690074900741031,1.9006250700028788,37028332.59493973,38.980170062684195,6.690074900741031,1.9006250700028788,36703706.945700824,38.638432746222605,70.00676526203313,0.25124359130859375,0.6028162837028503,/scratch/yx87/playground/moe-routing-bench/runs/expC_top1/train_log.jsonl
expC_topk_hard,topk-hard,2,1.25,8,256,,4,1200,6.152669616065401,1.8168860715443338,31639963.794916384,66.48467624269226,6.152669616065401,1.8168860715443338,31612041.0474405,66.42600250849415,90.4427749083724,0.15705108642578125,0.4888046806057294,/scratch/yx87/playground/moe-routing-bench/runs/expC_topk_hard/train_log.jsonl
