run,router,top_k,capacity_factor,num_experts,dim,expand,world_size,best_step,best_val_ppl,best_val_loss,best_tokens_per_s,best_eff_tflops,final_val_ppl,final_val_loss,median_tokens_per_s,median_eff_tflops,median_bw_GiBps,mean_drop_rate,mean_load_cv,log_path
softk_k2_cf1.0,softk,2,1.0,8,256,,4,600,9.0585006326263,2.203703613271791,7763149.108481119,16.312612063862073,9.0585006326263,2.203703613271791,7779588.479241248,16.347155916367882,22.257581174587003,0.10145060221354167,0.1645878783116738,/scratch/yx87/playground/moe-routing-bench/runs/softk_k2_cf1.0/train_log.jsonl
softk_k2_cf1.25,softk,2,1.25,8,256,,4,600,8.976154338409494,2.194571543196853,7453247.375372116,15.661419270900923,8.976154338409494,2.194571543196853,7442273.932568284,15.638360907218544,21.292516515450334,0.0414129892985026,0.287942868967851,/scratch/yx87/playground/moe-routing-bench/runs/softk_k2_cf1.25/train_log.jsonl
top1_cf1.0,top1,1,1.0,8,256,,4,600,9.33966595418537,2.234270486524653,9665389.432483956,10.174871440249051,9.33966595418537,2.234270486524653,9629593.225052442,10.137188343131406,18.36699147234429,0.35731760660807294,0.6102383136749268,/scratch/yx87/playground/moe-routing-bench/runs/top1_cf1.0/train_log.jsonl
top1_cf1.25,top1,1,1.25,8,256,,4,600,9.277456377830351,2.2275874120100445,9494509.736651747,9.994984333890132,9.277456377830351,2.2275874120100445,9497254.880399473,9.997874179655089,18.114576111601778,0.2618115743001302,0.6582995479305586,/scratch/yx87/playground/moe-routing-bench/runs/top1_cf1.25/train_log.jsonl
topkhard_k2_cf1.0,topk-hard,2,1.0,8,256,,4,600,9.160796274598498,2.214933104449206,8777673.03058718,18.444419007096474,9.160796274598498,2.214933104449206,8782121.929417325,18.45376742482147,25.125852382900213,0.2754497528076172,0.464132659137249,/scratch/yx87/playground/moe-routing-bench/runs/topkhard_k2_cf1.0/train_log.jsonl
topkhard_k2_cf1.25,topk-hard,2,1.25,8,256,,4,600,9.090682454366277,2.207249982859253,8155608.787337693,17.137282877527245,9.090682454366277,2.207249982859253,8183450.630721768,17.195786608928085,23.41304005829363,0.16683324178059897,0.509576678276062,/scratch/yx87/playground/moe-routing-bench/runs/topkhard_k2_cf1.25/train_log.jsonl
