run,router,top_k,capacity_factor,num_experts,dim,expand,world_size,best_step,best_val_ppl,best_val_loss,best_tokens_per_s,best_eff_tflops,final_val_ppl,final_val_loss,median_tokens_per_s,median_eff_tflops,median_bw_GiBps,mean_drop_rate,mean_load_cv,mean_gate_entropy,log_path
larger_expert_choice_E32_dim512_L4_cf1.5_K2,expert-choice,2,1.5,32,512,,4,2000,3.8586715823347344,1.350322974589443,7939977.951878009,66.86681016094693,3.8586715823347344,1.350322974589443,7948648.952124771,66.93983330168103,45.482534134625084,0.1581390380859375,0.5573793217539788,0.3694284163415432,/scratch/yx87/playground/moe-routing-bench/runs/larger_expert_choice_E32_dim512_L4_cf1.5_K2/train_log.jsonl
larger_hash_E32_dim512_L4_cf1.5_K2,hash,2,1.5,32,512,,4,2000,4.437238843007473,1.4900323007896648,6427418.803405423,54.12873883995569,4.437238843007473,1.4900323007896648,6431536.146940187,54.16341319675807,36.80154503025162,0.0,0.0,0.6931471824645996,/scratch/yx87/playground/moe-routing-bench/runs/larger_hash_E32_dim512_L4_cf1.5_K2/train_log.jsonl
larger_softk_E32_dim512_L4_cf1.5_K2,softk,2,1.5,32,512,,4,2000,4.068559065494837,1.403288898806312,6374527.961276088,53.68331670889318,4.068559065494837,1.403288898806312,6382695.369395448,53.75209883039706,36.52207585942524,0.15845985412597657,0.6421850442886352,0.47595438063144685,/scratch/yx87/playground/moe-routing-bench/runs/larger_softk_E32_dim512_L4_cf1.5_K2/train_log.jsonl
larger_top1_E32_dim512_L4_cf1.5_K1,top1,1,1.5,32,512,,4,2000,5.222474037718414,1.6529712431999255,7331066.760895129,30.99012000579224,5.222474037718414,1.6529712431999255,7429691.96463077,31.407031623030058,28.34202562191303,0.31040267944335936,0.8610658183693886,0.0,/scratch/yx87/playground/moe-routing-bench/runs/larger_top1_E32_dim512_L4_cf1.5_K1/train_log.jsonl
larger_topk_hard_E32_dim512_L4_cf1.5_K2,topk-hard,2,1.5,32,512,,4,2000,4.669049071094274,1.540955425913068,6461836.427528318,54.41858810054112,4.669049071094274,1.540955425913068,6477171.776930744,54.54773529760623,37.0626741996617,0.2178874969482422,0.7079951375722885,0.0,/scratch/yx87/playground/moe-routing-bench/runs/larger_topk_hard_E32_dim512_L4_cf1.5_K2/train_log.jsonl
