run,router,top_k,capacity_factor,num_experts,dim,expand,world_size,best_step,best_val_ppl,best_val_loss,best_tokens_per_s,best_eff_tflops,final_val_ppl,final_val_loss,median_tokens_per_s,median_eff_tflops,median_bw_GiBps,mean_drop_rate,mean_load_cv,log_path
subword_expert_choice_cf1_25,expert-choice,2,1.25,8,256,,4,1200,31.881735094074315,3.4620332782275067,10250829.405608812,21.53994482005293,31.881735094074315,3.4620332782275067,10336563.23236844,21.720096281417014,29.573144623856848,0.010836283365885416,0.23670049756765366,/scratch/yx87/playground/moe-routing-bench/runs/subword_expert_choice_cf1_25/train_log.jsonl
subword_softk_cf1_25,softk,2,1.25,8,256,,4,1200,32.07300770118102,3.46801479481359,11882982.84739199,24.969569261430618,32.07300770118102,3.46801479481359,11538682.655985393,24.246095400830235,33.01243588252657,0.017157872517903645,0.2559589346249898,/scratch/yx87/playground/moe-routing-bench/runs/subword_softk_cf1_25/train_log.jsonl
subword_top1_cf1_25,top1,1,1.25,8,256,,4,1200,34.556088638315195,3.542583761556295,37466623.86890452,39.441564546282216,34.556088638315195,3.542583761556295,37005395.041391015,38.95602342481282,70.58218963888362,0.11916460309709821,0.35483727710587637,/scratch/yx87/playground/moe-routing-bench/runs/subword_top1_cf1_25/train_log.jsonl
